"text,type,deck,level,intensity,is_indian_specific,is_solo"
"('Name a street food from your region you’d tell everyone to try.', 'truth', 'strangers', 'icebreaker', 'mild', true, false),"
"('What’s a childhood game you’d still win at?', 'truth', 'strangers', 'icebreaker', 'mild', false, false),"
"('Share a quirky skill you learned at school that you still use.', 'truth', 'strangers', 'icebreaker', 'mild', false, false),"
"('If you could star in a Bollywood movie, which role would you want?', 'truth', 'strangers', 'icebreaker', 'mild', true, false),"
"('What’s a song you’d blast to get the party started?', 'truth', 'strangers', 'icebreaker', 'mild', false, false),"
"('Describe a festival dish from your hometown that’s pure joy.', 'truth', 'strangers', 'icebreaker', 'mild', true, false),"
"('What’s the silliest nickname you’ve ever been called?', 'truth', 'strangers', 'icebreaker', 'mild', false, false),"
"('Tell us about a funny nickname you’ve heard in your regional language.', 'truth', 'strangers', 'icebreaker', 'mild', true, false),"
"('What''s a gadget you can’t imagine living without.', 'truth', 'strangers', 'icebreaker', 'mild', false, false),"
"('What’s a hometown tradition you’re proud to share?', 'truth', 'strangers', 'icebreaker', 'mild', true, false),"
"('Tell us about a cartoon you still secretly watch.', 'truth', 'strangers', 'icebreaker', 'mild', false, false),"
"('Share a quirky work hack you’re known for at your job.', 'truth', 'strangers', 'icebreaker', 'mild', false, false),"
"('What’s a regional sweet you’d trade anything for?', 'truth', 'strangers', 'icebreaker', 'mild', true, false),"
"('If you could travel anywhere for a day, where’d you go?', 'truth', 'strangers', 'icebreaker', 'mild', false, false),"
"('Describe a family recipe you’d love to feed everyone.', 'truth', 'strangers', 'icebreaker', 'mild', false, false),"
"('What’s the most random food craving you’ve ever had?', 'truth', 'strangers', 'icebreaker', 'mild', false, false),"
"('What''s a quirky habit you picked up from your family.', 'truth', 'strangers', 'icebreaker', 'mild', false, false),"
"('Name a festival prop you’d turn into home decor.', 'truth', 'strangers', 'icebreaker', 'mild', true, false),"
"('What''s a hilarious saying from your region you love to drop?', 'truth', 'strangers', 'icebreaker', 'mild', true, false),"
"('Tell us about the coolest street market you’ve explored.', 'truth', 'strangers', 'icebreaker', 'mild', false, false),"
"('What''s a song that always gets you singing in the shower?', 'truth', 'strangers', 'icebreaker', 'mild', false, false),"
"('Share a funny or interesting story from your first job.', 'truth', 'strangers', 'icebreaker', 'mild', false, false),"
"('If you could rename your city, what would you call it?', 'truth', 'strangers', 'icebreaker', 'mild', false, false),"
"('What’s a food you’d eat every day if you could?', 'truth', 'strangers', 'icebreaker', 'mild', false, false),"
"('What''s a fun fact about your hometown you love to share.', 'truth', 'strangers', 'icebreaker', 'mild', true, false),"
"('What’s a festival snack you’d eat all year round?', 'truth', 'strangers', 'icebreaker', 'mild', true, false),"
"('Name a movie you’ve watched way too many times.', 'truth', 'strangers', 'icebreaker', 'mild', false, false),"
"('Share a productivity hack from work.', 'truth', 'strangers', 'icebreaker', 'mild', false, false),"
"('If you had to dance on a Bollywood song, which one would it be?', 'truth', 'strangers', 'icebreaker', 'mild', true, false),"
"('What’s a toy from your childhood you wish you still had?', 'truth', 'strangers', 'icebreaker', 'mild', false, false),"
"('Tell us about a regional tradition that makes you proud.', 'truth', 'strangers', 'icebreaker', 'mild', true, false),"
"('What’s the most random app cluttering your phone?', 'truth', 'strangers', 'icebreaker', 'mild', false, false),"
"('What''s a funny thing your Mom says or does?', 'truth', 'strangers', 'icebreaker', 'mild', false, false),"
"('What''s a street food stall you’d wait hours for?', 'truth', 'strangers', 'icebreaker', 'mild', false, false),"
"('What’s a sport you’d try if you had no fear?', 'truth', 'strangers', 'icebreaker', 'mild', false, false),"
"('Share a fun fact about your city you always tell friends.', 'truth', 'strangers', 'icebreaker', 'mild', false, false),"
"('If you could invent a festival, what would it celebrate?', 'truth', 'strangers', 'icebreaker', 'mild', true, false),"
"('What’s something quirky about your workplace?', 'truth', 'strangers', 'icebreaker', 'mild', false, false),"
"('Tell us about your favorite regional sweet.', 'truth', 'strangers', 'icebreaker', 'mild', true, false),"
"('What’s the funniest billboard you’ve ever seen?', 'truth', 'strangers', 'icebreaker', 'mild', false, false),"
"('Share a lesson from school that’s stuck with you forever.', 'truth', 'strangers', 'icebreaker', 'mild', false, false),"
"('Describe your favorite childhood food memory.', 'truth', 'strangers', 'icebreaker', 'mild', false, false),"
"('What’s a place you’d sneak into just for fun?', 'truth', 'strangers', 'icebreaker', 'mild', false, false),"
"('Tell us about a sci-fi movie you’d love to star in.', 'truth', 'strangers', 'icebreaker', 'mild', false, false),"
"('What''s your favourite spot in your hometown?', 'truth', 'strangers', 'icebreaker', 'mild', true, false),"
"('What’s a jingle that’s stuck in your head forever?', 'truth', 'strangers', 'icebreaker', 'mild', false, false),"
"('Tell us about a street performer who blew your mind.', 'truth', 'strangers', 'icebreaker', 'mild', false, false),"
"('Tell us about a family member who’s always cracking you up.', 'truth', 'strangers', 'icebreaker', 'mild', false, false),"
"('What’s a regional craft or art you’d love to try?', 'truth', 'strangers', 'icebreaker', 'mild', true, false),"
"('What''s your favourite junk food?.', 'truth', 'strangers', 'icebreaker', 'mild', false, false),"
"('Describe the most chaotic train journey you’ve ever been on.', 'truth', 'strangers', 'icebreaker', 'moderate', true, false),"
"('What’s the most over-the-top thing you’ve done for a crush?', 'truth', 'strangers', 'icebreaker', 'moderate', false, false),"
"('Share a funny entrance exam prep story.', 'truth', 'strangers', 'icebreaker', 'moderate', true, false),"
"('Tell us about the funniest WhatsApp group mix-up you’ve seen.', 'truth', 'strangers', 'icebreaker', 'moderate', true, false),"
"('What’s a regional stereotype you secretly find spot-on?', 'truth', 'strangers', 'icebreaker', 'moderate', true, false),"
"('Where’s the wildest spot you’ve hit it off with a new friend?', 'truth', 'strangers', 'icebreaker', 'moderate', false, false),"
"('Describe a festival moment that left you speechless.', 'truth', 'strangers', 'icebreaker', 'moderate', true, false),"
"('What’s a quirky superstition you follow just in case?', 'truth', 'strangers', 'icebreaker', 'moderate', false, false),"
"('Share a work blunder that turned into a funny story.', 'truth', 'strangers', 'icebreaker', 'moderate', false, false),"
"('Tell us about the most epic bargain you scored in a market.', 'truth', 'strangers', 'icebreaker', 'moderate', false, false),"
"('What’s the most ridiculous rumor you’ve ever heard?', 'truth', 'strangers', 'icebreaker', 'moderate', false, false),"
"('If you could crash a Bollywood star’s party, who’d it be?', 'truth', 'strangers', 'icebreaker', 'moderate', true, false),"
"('Reveal a weird food combo you secretly love.', 'truth', 'strangers', 'icebreaker', 'moderate', false, false),"
"('Describe the wildest monsoon memory you’ve got.', 'truth', 'strangers', 'icebreaker', 'moderate', true, false),"
"('What’s the funniest thing you’ve overheard?', 'truth', 'strangers', 'icebreaker', 'moderate', false, false),"
"('Share a quirky tradition from your family you adore.', 'truth', 'strangers', 'icebreaker', 'moderate', false, false),"
"('Tell us about a work prank you pulled or saw.', 'truth', 'strangers', 'icebreaker', 'moderate', false, false),"
"('What’s a regional rivalry you find hilariously petty?', 'truth', 'strangers', 'icebreaker', 'moderate', true, false),"
"('If you ran a street food stall, what’d you sell and why?', 'truth', 'strangers', 'icebreaker', 'moderate', false, false),"
"('What''s the weirdest compliment you’ve ever gotten out of the blue?', 'truth', 'strangers', 'icebreaker', 'moderate', false, false),"
"('Describe the most chaotic family dinner you’ve been to.', 'truth', 'strangers', 'icebreaker', 'moderate', false, false),"
"('What’s the best skill ever learned on the job?', 'truth', 'strangers', 'icebreaker', 'moderate', false, false),"
"('Tell us about a regional dance you tried that made you laugh.', 'truth', 'strangers', 'icebreaker', 'moderate', true, false),"
"('Tell us about the most absurd thing you’ve done for a bet.', 'truth', 'strangers', 'icebreaker', 'moderate', false, false),"
"('What’s the funniest thing a kid has said to you?', 'truth', 'strangers', 'icebreaker', 'moderate', false, false),"
"('Describe the most intense festival you’ve attended or heard of.', 'truth', 'strangers', 'icebreaker', 'moderate', true, false),"
"('What’s the most unexpected thing you’ve learned from a coworker?', 'truth', 'strangers', 'icebreaker', 'moderate', false, false),"
"('Share a funny mix-up from switching between your regional language and English.', 'truth', 'strangers', 'icebreaker', 'moderate', true, false),"
"('Tell us about the most chaotic moment at a family wedding.', 'truth', 'strangers', 'icebreaker', 'moderate', false, false),"
"('What’s a quirky career tip you got that actually worked?', 'truth', 'strangers', 'icebreaker', 'moderate', false, false),"
"('Reveal the most surprising place you’ve bumped into a friend.', 'truth', 'strangers', 'icebreaker', 'moderate', false, false),"
"('Describe a street food binge that went hilariously overboard.', 'truth', 'strangers', 'icebreaker', 'moderate', false, false),"
"('What’s the most absurd thing you’ve done to impress a teacher?', 'truth', 'strangers', 'icebreaker', 'moderate', false, false),"
"('Share a regional festival tradition you find totally over-the-top.', 'truth', 'strangers', 'icebreaker', 'moderate', true, false),"
"('Tell us about a story about the worst colleague you ever worked with.', 'truth', 'strangers', 'icebreaker', 'moderate', false, false),"
"('What’s a Bollywood quote you’ve used in real-life?', 'truth', 'strangers', 'icebreaker', 'moderate', true, false),"
"('What''s the weirdest food you’ve tried?', 'truth', 'strangers', 'icebreaker', 'moderate', false, false),"
"('What''s your fondest monsoon memory?', 'truth', 'strangers', 'icebreaker', 'moderate', true, false),"
"('What’s the best dhaba you''ve ever been to?', 'truth', 'strangers', 'icebreaker', 'moderate', true, false),"
"('Share a quirky family rule or tradition you secretly love.', 'truth', 'strangers', 'icebreaker', 'moderate', false, false),"
"('Tell us about a time you used your regional language to confuse someone.', 'truth', 'strangers', 'icebreaker', 'moderate', true, false),"
"('What’s the most random gift you’ve ever given?', 'truth', 'strangers', 'icebreaker', 'moderate', false, false),"
"('Describe a regional dish you’d want everyone to try.', 'truth', 'strangers', 'icebreaker', 'moderate', true, false),"
"('What''s a school skill you picked up that surprised you?', 'truth', 'strangers', 'icebreaker', 'moderate', false, false),"
"('What’s the most hilarious thing you’ve seen at a local fair?', 'truth', 'strangers', 'icebreaker', 'moderate', false, false),"
"('Share a story about a family member’s epic cooking fail.', 'truth', 'strangers', 'icebreaker', 'moderate', false, false),"
"('Tell us about the most chaotic group project you’ve worked on.', 'truth', 'strangers', 'icebreaker', 'moderate', false, false),"
"('What''s the funniest family matchmaking story you’ve heard?', 'truth', 'strangers', 'icebreaker', 'moderate', false, false),"
"('Describe your most memorable bus ride.', 'truth', 'strangers', 'icebreaker', 'moderate', false, false),"
"('Reveal the funniest misunderstanding you’ve had with a friend.', 'truth', 'strangers', 'icebreaker', 'moderate', false, false),"
"('Spill the chai: what’s the juiciest family gossip you''ve heard?', 'truth', 'strangers', 'icebreaker', 'bold', true, false),"
"('What’s the cheesiest pickup line you’ve heard?', 'truth', 'strangers', 'icebreaker', 'bold', false, false),"
"('What''s the cheekiest thing you’ve said to a nosy family member?', 'truth', 'strangers', 'icebreaker', 'bold', false, false),"
"('Describe the wildest thing you’ve seen someone do for a viral reel.', 'truth', 'strangers', 'icebreaker', 'bold', false, false),"
"('What’s the most cringe-worthy moment you’ve had to live through?', 'truth', 'strangers', 'icebreaker', 'bold', false, false),"
"('Share the boldest excuse you’ve used to skip a boring meeting.', 'truth', 'strangers', 'icebreaker', 'bold', false, false),"
"('Tell us about the most awkward dancer you’ve seen.', 'truth', 'strangers', 'icebreaker', 'bold', false, false),"
"('What’s the most outrageous meme you’ve sent in a group chat?', 'truth', 'strangers', 'icebreaker', 'bold', false, false),"
"('What''s the weirdest thing you''ve been dared to do?', 'truth', 'strangers', 'icebreaker', 'bold', false, false),"
"('Describe a time you laughed so hard you couldn’t stop.', 'truth', 'strangers', 'icebreaker', 'bold', false, false),"
"('What’s the longest delay you''ve experienced on a train?', 'truth', 'strangers', 'icebreaker', 'bold', true, false),"
"('Share a favorite saying in your mother tongue.', 'truth', 'strangers', 'icebreaker', 'bold', true, false),"
"('Tell us about the most absurd thing you’ve seen at a college fest.', 'truth', 'strangers', 'icebreaker', 'bold', true, false),"
"('What’s the boldest thing you’ve said to a teacher?', 'truth', 'strangers', 'icebreaker', 'bold', false, false),"
"('Tell us about a time you mixed up languages and it got hilarious.', 'truth', 'strangers', 'icebreaker', 'bold', true, false),"
"('Describe the wildest outfit you’ve seen at a wedding.', 'truth', 'strangers', 'icebreaker', 'bold', false, false),"
"('What''s the biggest mess-up you’ve had at a family event?', 'truth', 'strangers', 'icebreaker', 'bold', false, false),"
"('Share a sassy retort you gave during a family debate.', 'truth', 'strangers', 'icebreaker', 'bold', false, false),"
"('Tell us about a time you tried to impress someone and totally flopped.', 'truth', 'strangers', 'icebreaker', 'bold', false, false),"
"('What’s the most embarrassing thing you’ve done at a work event?', 'truth', 'strangers', 'icebreaker', 'bold', false, false),"
"('Reveal the funniest rumor you’ve heard about a coworker.', 'truth', 'strangers', 'icebreaker', 'bold', false, false),"
"('Describe a moment you got caught sneaking food at a family gathering.', 'truth', 'strangers', 'icebreaker', 'bold', false, false),"
"('What’s the most over-the-top thing you’ve seen at an event?', 'truth', 'strangers', 'icebreaker', 'bold', false, false),"
"('Tell us about a Bollywood song that helped you through a rough patch.', 'truth', 'strangers', 'icebreaker', 'bold', true, false),"
"('Tell us about the most chaotic thing you’ve seen in a WhatsApp group.', 'truth', 'strangers', 'icebreaker', 'bold', true, false),"
"('What''s a family moment that always makes you smile?', 'truth', 'friends', 'getting_to_know_you', 'mild', false, false),"
"('Spill the beans: what''s a productivity hack you learned from a family member?', 'truth', 'friends', 'getting_to_know_you', 'mild', false, false),"
"('Tell us something unqiue about your hometown.', 'truth', 'friends', 'getting_to_know_you', 'mild', true, false),"
"('What''s a hobby you’d love to geek out over with this group?', 'truth', 'friends', 'getting_to_know_you', 'mild', false, false),"
"('Describe a childhood adventure that shaped your vibe.', 'truth', 'friends', 'getting_to_know_you', 'mild', false, false),"
"('Dish on a movie or book that blew your mind open.', 'truth', 'friends', 'getting_to_know_you', 'mild', false, false),"
"('What''s a kind gesture that’s stuck with you forever?', 'truth', 'friends', 'getting_to_know_you', 'mild', false, false),"
"('Name a home improvement project you’re thinking of.', 'truth', 'friends', 'getting_to_know_you', 'mild', false, false),"
"('Share a festival tradition from your region that feels like pure magic.', 'truth', 'friends', 'getting_to_know_you', 'mild', true, false),"
"('What''s a spot you retreat to when you need peace?', 'truth', 'friends', 'getting_to_know_you', 'mild', false, false),"
"('Tell us about a dish you cook that’s a total crowd-pleaser.', 'truth', 'friends', 'getting_to_know_you', 'mild', false, false),"
"('What''s a time you and a friend just got each other?', 'truth', 'friends', 'getting_to_know_you', 'mild', false, false),"
"('Spill the tea: what''s a value your neighborhood taught you?', 'truth', 'friends', 'getting_to_know_you', 'mild', false, false),"
"('Describe a song that’s your instant mood-lifter.', 'truth', 'friends', 'getting_to_know_you', 'mild', false, false),"
"('What''s a quirky habit you’re proud to own?', 'truth', 'friends', 'getting_to_know_you', 'mild', false, false),"
"('Share a story about your favorite mentor from work.', 'truth', 'friends', 'getting_to_know_you', 'mild', false, false),"
"('Tell us about a time you helped out a random stranger.', 'truth', 'friends', 'getting_to_know_you', 'mild', false, false),"
"('What''s an ingredient or condiment that you think all food should contain?', 'truth', 'friends', 'getting_to_know_you', 'mild', false, false),"
"('Tell us about your friends from childhood.', 'truth', 'friends', 'getting_to_know_you', 'mild', false, false),"
"('What does your dream life after retirement look like?', 'truth', 'friends', 'getting_to_know_you', 'mild', false, false),"
"('Describe a moment you felt on top of the world.', 'truth', 'friends', 'getting_to_know_you', 'mild', false, false),"
"('Tell us about a regional song that means a lot to you.', 'truth', 'bffs', 'deeper_dive', 'mild', true, false),"
"('What''s something wise you learnt from your grandmother?', 'truth', 'friends', 'getting_to_know_you', 'mild', false, false),"
"('If someone wanted to gift you a course on Udemy, what would you want it to be?', 'truth', 'friends', 'getting_to_know_you', 'mild', false, false),"
"('What about your culture are you most proud of?', 'truth', 'friends', 'getting_to_know_you', 'mild', false, false),"
"('Did you ever feel called to take the UPSC exam?', 'truth', 'friends', 'getting_to_know_you', 'mild', true, false),"
"('Tell us about your favorite train route.', 'truth', 'friends', 'getting_to_know_you', 'mild', true, false),"
"('Share a moment you felt your workplace became family.', 'truth', 'friends', 'getting_to_know_you', 'mild', false, false),"
"('What''s a hometown tradition that you love?', 'truth', 'friends', 'getting_to_know_you', 'mild', true, false),"
"('Describe a time you nailed a small but meaningful win.', 'truth', 'friends', 'getting_to_know_you', 'mild', false, false),"
"('Dish on a childhood friend who shaped who you are.', 'truth', 'friends', 'getting_to_know_you', 'mild', false, false),"
"('What''s a value you’d stand up for no matter what?', 'truth', 'friends', 'getting_to_know_you', 'mild', false, false),"
"('Tell us about a festival that brought you closer to your roots.', 'truth', 'friends', 'getting_to_know_you', 'mild', true, false),"
"('Share a work habit you picked up that’s a game-changer.', 'truth', 'friends', 'getting_to_know_you', 'mild', false, false),"
"('What''s a place you’d love to show off to this group?', 'truth', 'friends', 'getting_to_know_you', 'mild', false, false),"
"('Describe a moment you felt truly at home.', 'truth', 'friends', 'getting_to_know_you', 'mild', false, false),"
"('What''s a DIY project you’d be interested in trying?', 'truth', 'friends', 'getting_to_know_you', 'mild', false, false),"
"('Tell us about a time you surprised yourself by speaking up.', 'truth', 'friends', 'getting_to_know_you', 'mild', false, false),"
"('Share a story from your neighborhood that’s pure gold.', 'truth', 'friends', 'getting_to_know_you', 'mild', false, false),"
"('What''s a regional dish you’d love to try and learn to cook?', 'truth', 'friends', 'getting_to_know_you', 'mild', true, false),"
"('Describe a time you laughed so hard with your family that you cried.', 'truth', 'friends', 'getting_to_know_you', 'mild', false, false),"
"('What''s a study/learning hack you''d love to share?', 'truth', 'friends', 'getting_to_know_you', 'mild', false, false),"
"('Tell us about a moment you felt your heritage spark joy.', 'truth', 'friends', 'getting_to_know_you', 'mild', false, false),"
"('Share a travel memory that changed how you see things.', 'truth', 'friends', 'getting_to_know_you', 'mild', false, false),"
"('What''s a family tradition you’d never give up?', 'truth', 'friends', 'getting_to_know_you', 'mild', false, false),"
"('Tell us about your favorite regional language singer.', 'truth', 'friends', 'getting_to_know_you', 'mild', true, false),"
"('What''s a skill/talent that you secretly wish you had?', 'truth', 'friends', 'getting_to_know_you', 'mild', false, false),"
"('Tell us about a time you felt like part of something bigger.', 'truth', 'friends', 'getting_to_know_you', 'mild', false, false),"
"('Share a moment your workplace taught you something deep.', 'truth', 'friends', 'getting_to_know_you', 'mild', false, false),"
"('What''s something spiritual that calms you?', 'truth', 'friends', 'getting_to_know_you', 'mild', false, false),"
"('What''s the wildest family rule you ever pushed back on?', 'truth', 'friends', 'getting_to_know_you', 'moderate', false, false),"
"('Spill the beans: what''s some quirky career advice you got that actually worked?', 'truth', 'friends', 'getting_to_know_you', 'moderate', false, false),"
"('Tell us about a time you stood up for your regional pride.', 'truth', 'friends', 'getting_to_know_you', 'moderate', true, false),"
"('What''s a passion you chased that shocked your friends?', 'truth', 'friends', 'getting_to_know_you', 'moderate', false, false),"
"('Describe a childhood choice that shaped who you are.', 'truth', 'friends', 'getting_to_know_you', 'moderate', false, false),"
"('Dish on a moment you laughed off a big mistake.', 'truth', 'friends', 'getting_to_know_you', 'moderate', false, false),"
"('What''s a time you went against the crowd and loved it?', 'truth', 'friends', 'getting_to_know_you', 'moderate', false, false),"
"('Name a festival tradition you’ve questioned but still followed.', 'truth', 'friends', 'getting_to_know_you', 'moderate', true, false),"
"('Tell us about a work risk you took that paid off.', 'truth', 'friends', 'getting_to_know_you', 'moderate', false, false),"
"('What''s a spot you visited that changed your vibe?', 'truth', 'friends', 'getting_to_know_you', 'moderate', false, false),"
"('Share a dish you cooked that flopped but taught you something.', 'truth', 'friends', 'getting_to_know_you', 'moderate', false, false),"
"('What''s a moment you felt misunderstood by a friend?', 'truth', 'friends', 'getting_to_know_you', 'moderate', false, false),"
"('Spill the tea: what''s a community norm you’ve challenged?', 'truth', 'friends', 'getting_to_know_you', 'moderate', false, false),"
"('Describe a song that got you through a tough day.', 'truth', 'friends', 'getting_to_know_you', 'moderate', false, false),"
"('What''s a habit you kicked that made you proud?', 'truth', 'friends', 'getting_to_know_you', 'moderate', false, false),"
"('Tell us about a teacher who inspired your career path.', 'truth', 'friends', 'getting_to_know_you', 'moderate', false, false),"
"('Share a time you helped a stranger and it backfired.', 'truth', 'friends', 'getting_to_know_you', 'moderate', false, false),"
"('What''s a regional food you fought to love?', 'truth', 'friends', 'getting_to_know_you', 'moderate', true, false),"
"('Dish on a hometown tale that shaped your outlook.', 'truth', 'friends', 'getting_to_know_you', 'moderate', true, false),"
"('What''s a dream you ditched but still think about?', 'truth', 'friends', 'getting_to_know_you', 'moderate', false, false),"
"('Describe a time you stood your ground with family.', 'truth', 'friends', 'getting_to_know_you', 'moderate', false, false),"
"('Tell us about a funny mix-up from juggling languages at work.', 'truth', 'friends', 'getting_to_know_you', 'moderate', true, false),"
"('What''s a family lesson you live by but question?', 'truth', 'friends', 'getting_to_know_you', 'moderate', false, false),"
"('Share a skill you learned under pressure at work.', 'truth', 'friends', 'getting_to_know_you', 'moderate', false, false),"
"('What''s a cultural tradition you’ve tweaked to fit your style?', 'truth', 'friends', 'getting_to_know_you', 'moderate', false, false),"
"('What''s a cultural ritual you’ve done your own way?', 'truth', 'friends', 'getting_to_know_you', 'moderate', false, false),"
"('Spill the beans: what''s the boldest choice you made at work?', 'truth', 'friends', 'getting_to_know_you', 'moderate', false, false),"
"('Tell us about a regional clash you found hilarious.', 'truth', 'friends', 'getting_to_know_you', 'moderate', true, false),"
"('What''s a passion project you ditched but learned from?', 'truth', 'friends', 'getting_to_know_you', 'moderate', false, false),"
"('Describe a childhood rebellion that still makes you laugh.', 'truth', 'friends', 'getting_to_know_you', 'moderate', false, false),"
"('Dish on a moment you stood up for a friend.', 'truth', 'friends', 'getting_to_know_you', 'moderate', false, false),"
"('What''s a time you went off-script and it paid off?', 'truth', 'friends', 'getting_to_know_you', 'moderate', false, false),"
"('Name a festival custom you’ve pushed back on.', 'truth', 'friends', 'getting_to_know_you', 'moderate', true, false),"
"('Tell us about a work challenge you turned into a win.', 'truth', 'friends', 'getting_to_know_you', 'moderate', false, false),"
"('What''s a trip that flipped your perspective?', 'truth', 'friends', 'getting_to_know_you', 'moderate', false, false),"
"('Share a cooking fail that became a funny memory.', 'truth', 'friends', 'getting_to_know_you', 'moderate', false, false),"
"('What''s a moment a friend totally missed your point?', 'truth', 'friends', 'getting_to_know_you', 'moderate', false, false),"
"('Spill the tea: what''s a neighborhood rule you’ve bent?', 'truth', 'friends', 'getting_to_know_you', 'moderate', false, false),"
"('Describe a tune that pulled you through a rough patch.', 'truth', 'friends', 'getting_to_know_you', 'moderate', false, false),"
"('What''s a habit you changed that felt like a big deal?', 'truth', 'friends', 'getting_to_know_you', 'moderate', false, false),"
"('Tell us about a UPSC prep story that tested your limits.', 'truth', 'friends', 'getting_to_know_you', 'moderate', true, false),"
"('Share a time you tried to help a stranger but it flopped.', 'truth', 'friends', 'getting_to_know_you', 'moderate', false, false),"
"('What''s a regional dish you struggled to get right?', 'truth', 'friends', 'getting_to_know_you', 'moderate', true, false),"
"('Dish on a town story that changed how you think.', 'truth', 'friends', 'getting_to_know_you', 'moderate', false, false),"
"('What''s a goal you let go but still wonder about?', 'truth', 'friends', 'getting_to_know_you', 'moderate', false, false),"
"('Describe a time you had to stand firm with your family.', 'truth', 'friends', 'getting_to_know_you', 'moderate', false, false),"
"('Tell us about a language mix-up at work that cracked you up.', 'truth', 'friends', 'getting_to_know_you', 'moderate', true, false),"
"('What''s a family value you’ve questioned but stuck to?', 'truth', 'friends', 'getting_to_know_you', 'moderate', false, false),"
"('Share a work skill you picked up under stress.', 'truth', 'friends', 'getting_to_know_you', 'moderate', false, false),"
"('Spill the beans: what''s a cultural expectation you’ve sidestepped with a laugh?', 'truth', 'friends', 'getting_to_know_you', 'moderate', false, false),"
"('Spill the chai: when did you ditch your family’s dating rules?', 'truth', 'friends', 'getting_to_know_you', 'bold', true, false),"
"('What''s the boldest work move you’ve pulled off?', 'truth', 'friends', 'getting_to_know_you', 'bold', false, false),"
"('Tell us about a regional bias you’ve called out.', 'truth', 'friends', 'getting_to_know_you', 'bold', true, false),"
"('What''s a passion project you chased that flipped your life?', 'truth', 'friends', 'getting_to_know_you', 'bold', false, false),"
"('Describe a childhood stunt that got you in big trouble.', 'truth', 'friends', 'getting_to_know_you', 'bold', false, false),"
"('Dish on a moment you stood up to a friend’s bad call.', 'truth', 'friends', 'getting_to_know_you', 'bold', false, false),"
"('What''s a time you broke all the rules and owned it?', 'truth', 'friends', 'getting_to_know_you', 'bold', false, false),"
"('Name a festival ritual you’ve totally skipped out on.', 'truth', 'friends', 'getting_to_know_you', 'bold', true, false),"
"('Tell us about a work clash you didn’t back down from.', 'truth', 'friends', 'getting_to_know_you', 'bold', false, false),"
"('What''s a trip that pushed you way out of your zone?', 'truth', 'friends', 'getting_to_know_you', 'bold', false, false),"
"('Share a cooking flop that turned into a total disaster.', 'truth', 'friends', 'getting_to_know_you', 'bold', false, false),"
"('What''s a moment a friend let you down hard?', 'truth', 'friends', 'getting_to_know_you', 'bold', false, false),"
"('Spill the tea: what''s a community taboo you’ve defied?', 'truth', 'friends', 'getting_to_know_you', 'bold', false, false),"
"('Describe a song that got you through a heartbreak.', 'truth', 'friends', 'getting_to_know_you', 'bold', false, false),"
"('What''s a habit you fought hard to break?', 'truth', 'friends', 'getting_to_know_you', 'bold', false, false),"
"('Tell us about a tough moment while prepping for an entrance exam that really tested you.', 'truth', 'friends', 'getting_to_know_you', 'bold', true, false),"
"('Share a time you tried to help a stranger and it went south.', 'truth', 'friends', 'getting_to_know_you', 'bold', false, false),"
"('What''s a regional dish you botched and got roasted for?', 'truth', 'friends', 'getting_to_know_you', 'bold', true, false),"
"('Dish on a town drama that shook you up.', 'truth', 'friends', 'getting_to_know_you', 'bold', false, false),"
"('What''s a dream you chased that left you burned?', 'truth', 'friends', 'getting_to_know_you', 'bold', false, false),"
"('Describe a time you had to draw a line with your family.', 'truth', 'friends', 'getting_to_know_you', 'bold', false, false),"
"('Tell us about a language slip-up at work that got awkward.', 'truth', 'friends', 'getting_to_know_you', 'bold', true, false),"
"('What''s a family expectation you’ve flat-out ignored?', 'truth', 'friends', 'getting_to_know_you', 'bold', false, false),"
"('Share a work skill you learned the hard way.', 'truth', 'friends', 'getting_to_know_you', 'bold', false, false),"
"('What''s a cultural pressure you’ve laughed off?', 'truth', 'friends', 'getting_to_know_you', 'bold', false, false),"
"('Spill the chai: when did you choose a partner your family didn’t approve of?', 'truth', 'friends', 'getting_to_know_you', 'bold', true, false),"
"('What''s the gutsiest career leap you’ve ever taken?', 'truth', 'friends', 'getting_to_know_you', 'bold', false, false),"
"('Tell us about a regional stereotype you’ve had to fight off.', 'truth', 'friends', 'getting_to_know_you', 'bold', true, false),"
"('What''s a passion project you chased that totally backfired?', 'truth', 'friends', 'getting_to_know_you', 'bold', false, false),"
"('Describe a childhood dare that landed you in hot water.', 'truth', 'friends', 'getting_to_know_you', 'bold', false, false),"
"('Dish on a time you called out a friend’s shady move.', 'truth', 'friends', 'getting_to_know_you', 'bold', false, false),"
"('What''s a time you threw out the rulebook and felt alive?', 'truth', 'friends', 'getting_to_know_you', 'bold', false, false),"
"('Name a festival custom you’ve straight-up ditched.', 'truth', 'friends', 'getting_to_know_you', 'bold', true, false),"
"('Tell us about a work fight you didn’t shy away from.', 'truth', 'friends', 'getting_to_know_you', 'bold', false, false),"
"('What''s a journey that shook up your whole outlook?', 'truth', 'friends', 'getting_to_know_you', 'bold', false, false),"
"('Share a kitchen disaster that left you in stitches.', 'truth', 'friends', 'getting_to_know_you', 'bold', false, false),"
"('What''s a moment a friend totally broke your trust?', 'truth', 'friends', 'getting_to_know_you', 'bold', false, false),"
"('Spill the tea: what''s a local taboo you’ve broken?', 'truth', 'friends', 'getting_to_know_you', 'bold', false, false),"
"('Describe a song that carried you through a breakup.', 'truth', 'friends', 'getting_to_know_you', 'bold', false, false),"
"('What''s a habit you battled hard to kick?', 'truth', 'friends', 'getting_to_know_you', 'bold', false, false),"
"('Tell us about a time you felt overwhelmed chasing a big exam goal.', 'truth', 'friends', 'getting_to_know_you', 'bold', true, false),"
"('Tell us about a time you helped a stranger and ended up regretting it.', 'truth', 'friends', 'getting_to_know_you', 'bold', false, false),"
"('What''s a regional dish you messed up and got flak for?', 'truth', 'friends', 'getting_to_know_you', 'bold', true, false),"
"('Dish on a town scandal that hit you hard.', 'truth', 'friends', 'getting_to_know_you', 'bold', false, false),"
"('What''s a dream you went after that left you scarred?', 'truth', 'friends', 'getting_to_know_you', 'bold', false, false),"
"('Describe a time you had to set boundaries with your family.', 'truth', 'friends', 'getting_to_know_you', 'bold', false, false),"
"('Tell us about a language blunder at work that got messy.', 'truth', 'friends', 'getting_to_know_you', 'bold', true, false),"
"('What''s a family pressure you’ve just shrugged off?', 'truth', 'friends', 'getting_to_know_you', 'bold', false, false),"
"('Share a work lesson you learned the messy way.', 'truth', 'friends', 'getting_to_know_you', 'bold', false, false),"
"('What''s a cultural norm that seems absurd to you?', 'truth', 'friends', 'getting_to_know_you', 'bold', false, false),"
"('What''s a value you’d fight for no matter what?', 'truth', 'bffs', 'deeper_dive', 'mild', false, false),"
"('Tell us about a place in India that feels like your soul’s home.', 'truth', 'bffs', 'deeper_dive', 'mild', true, false),"
"('Describe a life lesson that flipped your world upside down.', 'truth', 'bffs', 'deeper_dive', 'mild', false, false),"
"('What''s a moment someone truly got who you are?', 'truth', 'bffs', 'deeper_dive', 'mild', false, false),"
"('Share a tradition you’d never let go of.', 'truth', 'bffs', 'deeper_dive', 'mild', false, false),"
"('What''s a dream you’re too scared to chase?', 'truth', 'bffs', 'deeper_dive', 'mild', false, false),"
"('Tell us about a festival that taught you something deep.', 'truth', 'bffs', 'deeper_dive', 'mild', true, false),"
"('What''s a time you felt proud to stand out?', 'truth', 'bffs', 'deeper_dive', 'mild', false, false),"
"('Share a story you wish you could shout from the rooftops.', 'truth', 'bffs', 'deeper_dive', 'mild', false, false),"
"('What''s a spot you’d run to when life gets heavy?', 'truth', 'bffs', 'deeper_dive', 'mild', false, false),"
"('Spill the beans: what''s a value a stranger taught you?', 'truth', 'bffs', 'deeper_dive', 'mild', false, false),"
"('Describe a moment you found your inner strength.', 'truth', 'bffs', 'deeper_dive', 'mild', false, false),"
"('What''s a song that feels like your life’s anthem?', 'truth', 'bffs', 'deeper_dive', 'mild', false, false),"
"('Tell us about a memory that makes you feel alive.', 'truth', 'bffs', 'deeper_dive', 'mild', false, false),"
"('What''s a cause you’d pour your heart into?', 'truth', 'bffs', 'deeper_dive', 'mild', false, false),"
"('Share a time you forgave someone who didn’t deserve it.', 'truth', 'bffs', 'deeper_dive', 'mild', false, false),"
"('What''s a regional dish that holds a special memory?', 'truth', 'bffs', 'deeper_dive', 'mild', true, false),"
"('Describe a moment you felt totally at peace.', 'truth', 'bffs', 'deeper_dive', 'mild', false, false),"
"('Tell us about a career choice that shaped who you are.', 'truth', 'bffs', 'deeper_dive', 'mild', false, false),"
"('What''s a family keepsake that means the world to you?', 'truth', 'bffs', 'deeper_dive', 'mild', false, false),"
"('Share a time you stood up for someone in need.', 'truth', 'bffs', 'deeper_dive', 'mild', false, false),"
"('What''s a dream you’ve let go but still haunts you?', 'truth', 'bffs', 'deeper_dive', 'mild', false, false),"
"('Spill the chai: what''s a belief you hold that others might question?', 'truth', 'bffs', 'deeper_dive', 'mild', true, false),"
"('Tell us about a time you felt like you truly belonged.', 'truth', 'bffs', 'deeper_dive', 'mild', false, false),"
"('What''s a regional place that feels sacred to you?', 'truth', 'bffs', 'deeper_dive', 'mild', true, false),"
"('What''s a time you felt you made a real difference?', 'truth', 'bffs', 'deeper_dive', 'mild', false, false),"
"('Describe a moment hope carried you through a tough spot.', 'truth', 'bffs', 'deeper_dive', 'mild', false, false),"
"('Tell us about a memory tied to a special taste.', 'truth', 'bffs', 'deeper_dive', 'mild', false, false),"
"('What''s a time you earned someone''s trust in a big way?', 'truth', 'bffs', 'deeper_dive', 'mild', false, false),"
"('Share a festival that shifted your perspective.', 'truth', 'bffs', 'deeper_dive', 'mild', true, false),"
"('What''s a moment you felt your life’s purpose click?', 'truth', 'bffs', 'deeper_dive', 'mild', false, false),"
"('Spill the beans: what''s a skill from school that still guides you?', 'truth', 'bffs', 'deeper_dive', 'mild', false, false),"
"('Describe a time you felt truly understood by someone.', 'truth', 'bffs', 'deeper_dive', 'mild', false, false),"
"('What''s a place you’d go back to for closure?', 'truth', 'bffs', 'deeper_dive', 'mild', false, false),"
"('Tell us about a value you’ve fought hard to keep.', 'truth', 'bffs', 'deeper_dive', 'mild', false, false),"
"('What''s a time you overcame a fear that held you back?', 'truth', 'bffs', 'deeper_dive', 'mild', false, false),"
"('Share a memory that feels like a hidden gem.', 'truth', 'bffs', 'deeper_dive', 'mild', false, false),"
"('What''s a principle you’d never bend on?', 'truth', 'bffs', 'deeper_dive', 'mild', false, false),"
"('Describe a regional spot that feels like your sanctuary.', 'truth', 'bffs', 'deeper_dive', 'mild', true, false),"
"('Tell us about a moment you grew wiser overnight.', 'truth', 'bffs', 'deeper_dive', 'mild', false, false),"
"('What''s a belief you’ve held since you were a kid?', 'truth', 'bffs', 'deeper_dive', 'mild', false, false),"
"('Spill the Chai: what''s a time a stranger’s kindness blew you away?', 'truth', 'bffs', 'deeper_dive', 'mild', true, false),"
"('Share a moment you redefined what success means to you.', 'truth', 'bffs', 'deeper_dive', 'mild', false, false),"
"('What''s a family story that shaped your core values?', 'truth', 'bffs', 'deeper_dive', 'mild', false, false),"
"('Describe a time your heritage filled you with joy.', 'truth', 'bffs', 'deeper_dive', 'mild', false, false),"
"('Tell us about a work choice that changed your path.', 'truth', 'bffs', 'deeper_dive', 'mild', false, false),"
"('What''s a regional tradition that anchors you?', 'truth', 'bffs', 'deeper_dive', 'mild', true, false),"
"('Tell us about a cultural event that gave you chills.', 'truth', 'bffs', 'deeper_dive', 'mild', false, false),"
"('What''s a time you surprised yourself with your strength?', 'truth', 'bffs', 'deeper_dive', 'mild', false, false),"
"('Describe a memory that reminds you of your roots.', 'truth', 'bffs', 'deeper_dive', 'mild', false, false),"
"('What''s a moment your regional roots made you feel grounded?', 'truth', 'bffs', 'deeper_dive', 'mild', true, false),"
"('Describe a time you found peace in a tough moment.', 'truth', 'bffs', 'deeper_dive', 'mild', false, false),"
"('Tell us about a smell that takes you back to a core memory.', 'truth', 'bffs', 'deeper_dive', 'mild', false, false),"
"('What''s a time you rebuilt trust with someone?', 'truth', 'bffs', 'deeper_dive', 'mild', false, false),"
"('Share a festival that made you see your culture differently.', 'truth', 'bffs', 'deeper_dive', 'mild', true, false),"
"('What''s a moment you felt your life’s calling?', 'truth', 'bffs', 'deeper_dive', 'mild', false, false),"
"('Spill the chai: what''s a work skill that’s shaped your identity?', 'truth', 'bffs', 'deeper_dive', 'mild', true, false),"
"('Describe a time you felt someone truly saw your soul.', 'truth', 'bffs', 'deeper_dive', 'mild', false, false),"
"('What''s a place you’d revisit to heal old wounds?', 'truth', 'bffs', 'deeper_dive', 'mild', false, false),"
"('Tell us about a belief you’ve clung to through storms.', 'truth', 'bffs', 'deeper_dive', 'mild', false, false),"
"('What''s a fear you faced that changed you?', 'truth', 'bffs', 'deeper_dive', 'mild', false, false),"
"('Share a memory that feels like your personal treasure.', 'truth', 'bffs', 'deeper_dive', 'mild', false, false),"
"('What''s a value you’d never compromise on?', 'truth', 'bffs', 'deeper_dive', 'mild', false, false),"
"('Describe a regional landmark that holds deep meaning for you.', 'truth', 'bffs', 'deeper_dive', 'mild', true, false),"
"('Tell us about a moment you felt a sudden clarity.', 'truth', 'bffs', 'deeper_dive', 'mild', false, false),"
"('What''s a childhood belief that still shapes your choices?', 'truth', 'bffs', 'deeper_dive', 'mild', false, false),"
"('Spill the chai: what''s a time a stranger’s words stuck with you?', 'truth', 'bffs', 'deeper_dive', 'mild', true, false),"
"('Share a moment you found your own version of success.', 'truth', 'bffs', 'deeper_dive', 'mild', false, false),"
"('What''s a family tale that taught you a life lesson?', 'truth', 'bffs', 'deeper_dive', 'mild', false, false),"
"('Describe a time your heritage gave you strength.', 'truth', 'bffs', 'deeper_dive', 'mild', false, false),"
"('Tell us about a career decision that felt like destiny.', 'truth', 'bffs', 'deeper_dive', 'mild', false, false),"
"('What''s a regional ritual that brings you calm?', 'truth', 'bffs', 'deeper_dive', 'mild', true, false),"
"('Share a moment your culture felt like a warm embrace.', 'truth', 'bffs', 'deeper_dive', 'mild', false, false),"
"('What''s a time you pushed past your limits and grew?', 'truth', 'bffs', 'deeper_dive', 'mild', false, false),"
"('Describe a memory that reminds you of your purpose.', 'truth', 'bffs', 'deeper_dive', 'mild', false, false),"
"('What''s a cultural norm you’ve had to unlearn?', 'truth', 'bffs', 'deeper_dive', 'moderate', false, false),"
"('Tell us about a career choice that left you second-guessing.', 'truth', 'bffs', 'deeper_dive', 'moderate', false, false),"
"('Describe a regional clash that shaped your views.', 'truth', 'bffs', 'deeper_dive', 'moderate', true, false),"
"('What''s a passion project you chased that broke your heart?', 'truth', 'bffs', 'deeper_dive', 'moderate', false, false),"
"('Share a childhood memory that still stings a bit.', 'truth', 'bffs', 'deeper_dive', 'moderate', false, false),"
"('Dish on a time you had to cut ties with a friend.', 'truth', 'bffs', 'deeper_dive', 'moderate', false, false),"
"('What''s a moment you went against everyone’s advice?', 'truth', 'bffs', 'deeper_dive', 'moderate', false, false),"
"('Name a festival tradition that left you conflicted.', 'truth', 'bffs', 'deeper_dive', 'moderate', true, false),"
"('Tell us about a work decision you regret.', 'truth', 'bffs', 'deeper_dive', 'moderate', false, false),"
"('What''s a journey that challenged your core beliefs?', 'truth', 'bffs', 'deeper_dive', 'moderate', false, false),"
"('Share a cooking attempt that ended in a total mess.', 'truth', 'bffs', 'deeper_dive', 'moderate', false, false),"
"('What''s a time a friend let you down big time?', 'truth', 'bffs', 'deeper_dive', 'moderate', false, false),"
"('Spill the chai: what''s a community rule you’ve broken?', 'truth', 'bffs', 'deeper_dive', 'moderate', true, false),"
"('Describe a song that pulled you through a dark phase.', 'truth', 'bffs', 'deeper_dive', 'moderate', false, false),"
"('What''s a habit you wish you’d never picked up?', 'truth', 'bffs', 'deeper_dive', 'moderate', false, false),"
"('Tell us about a time an exam prep made you rethink your goals.', 'truth', 'bffs', 'deeper_dive', 'moderate', true, false),"
"('Share a time you helped a stranger and it got awkward.', 'truth', 'bffs', 'deeper_dive', 'moderate', false, false),"
"('What''s a regional dish you tried making and failed hard?', 'truth', 'bffs', 'deeper_dive', 'moderate', true, false),"
"('Dish on a local drama that shook your trust.', 'truth', 'bffs', 'deeper_dive', 'moderate', false, false),"
"('What''s a dream you chased that left you empty?', 'truth', 'bffs', 'deeper_dive', 'moderate', false, false),"
"('Describe a time you had to confront your family.', 'truth', 'bffs', 'deeper_dive', 'moderate', false, false),"
"('Tell us about a language mix-up at work that got real.', 'truth', 'bffs', 'deeper_dive', 'moderate', true, false),"
"('What''s a family expectation you’ve quietly fought?', 'truth', 'bffs', 'deeper_dive', 'moderate', false, false),"
"('Share a work lesson that hit you the hard way.', 'truth', 'bffs', 'deeper_dive', 'moderate', false, false),"
"('What''s a cultural pressure you’ve had to resist?', 'truth', 'bffs', 'deeper_dive', 'moderate', false, false),"
"('What''s a cultural belief you’ve had to rethink?', 'truth', 'bffs', 'deeper_dive', 'moderate', false, false),"
"('Tell us about a job decision that shook your confidence.', 'truth', 'bffs', 'deeper_dive', 'moderate', false, false),"
"('Describe a regional tradition that made you question your roots.', 'truth', 'bffs', 'deeper_dive', 'moderate', true, false),"
"('What''s a passion you chased that led to a big letdown?', 'truth', 'bffs', 'deeper_dive', 'moderate', false, false),"
"('Share a childhood moment that left a lasting mark.', 'truth', 'bffs', 'deeper_dive', 'moderate', false, false),"
"('Dish on a time you had to walk away from a friendship.', 'truth', 'bffs', 'deeper_dive', 'moderate', false, false),"
"('What''s a moment you ignored everyone’s warnings?', 'truth', 'bffs', 'deeper_dive', 'moderate', false, false),"
"('Name a festival custom that stirred up mixed feelings.', 'truth', 'bffs', 'deeper_dive', 'moderate', true, false),"
"('Tell us about a work move you wish you’d handled better.', 'truth', 'bffs', 'deeper_dive', 'moderate', false, false),"
"('What''s a trip that forced you to face your fears?', 'truth', 'bffs', 'deeper_dive', 'moderate', false, false),"
"('Share a kitchen fail that turned into a disaster.', 'truth', 'bffs', 'deeper_dive', 'moderate', false, false),"
"('What''s a time a friend’s actions really hurt you?', 'truth', 'bffs', 'deeper_dive', 'moderate', false, false),"
"('Spill the chai: what''s a local norm you’ve pushed against?', 'truth', 'bffs', 'deeper_dive', 'moderate', true, false),"
"('Describe a song that got you through a rough breakup.', 'truth', 'bffs', 'deeper_dive', 'moderate', false, false),"
"('What''s a habit you’ve struggled to shake off?', 'truth', 'bffs', 'deeper_dive', 'moderate', false, false),"
"('Tell us about an entrance exam prep that nearly broke you.', 'truth', 'bffs', 'deeper_dive', 'moderate', true, false),"
"('Share a time you helped a stranger and regretted it.', 'truth', 'bffs', 'deeper_dive', 'moderate', false, false),"
"('What''s a regional recipe you botched and got called out for?', 'truth', 'bffs', 'deeper_dive', 'moderate', true, false),"
"('Dish on a town rumor that hit too close to home.', 'truth', 'bffs', 'deeper_dive', 'moderate', false, false),"
"('What''s a goal you went after that left you drained?', 'truth', 'bffs', 'deeper_dive', 'moderate', false, false),"
"('Describe a time you had to stand up to your family.', 'truth', 'bffs', 'deeper_dive', 'moderate', false, false),"
"('Tell us about a language blunder at work that got messy.', 'truth', 'bffs', 'deeper_dive', 'moderate', true, false),"
"('What''s a family demand you’ve quietly ignored?', 'truth', 'bffs', 'deeper_dive', 'moderate', false, false),"
"('Share a work skill you learned through a tough grind.', 'truth', 'bffs', 'deeper_dive', 'moderate', false, false),"
"('What''s a cultural expectation you’ve had to challenge?', 'truth', 'bffs', 'deeper_dive', 'moderate', false, false),"
"('Spill the chai: what''s a secret desire you’ve never told anyone?', 'truth', 'bffs', 'deeper_dive', 'bold', true, false),"
"('What''s the most shocking thing you’ve seen at a political rally?', 'truth', 'bffs', 'deeper_dive', 'bold', false, false),"
"('Tell us about a time a caste bias hit you hard.', 'truth', 'bffs', 'deeper_dive', 'bold', true, false),"
"('What''s a hidden truth about your life you’ve kept quiet?', 'truth', 'bffs', 'deeper_dive', 'bold', false, false),"
"('Describe a moment you laughed to hide deep pain.', 'truth', 'bffs', 'deeper_dive', 'bold', false, false),"
"('Share a corrupt act you’ve seen that still haunts you.', 'truth', 'bffs', 'deeper_dive', 'bold', false, false),"
"('What''s a family expectation you’ve completely rejected?', 'truth', 'bffs', 'deeper_dive', 'bold', false, false),"
"('What''s a taboo you’ve secretly explored?', 'truth', 'bffs', 'deeper_dive', 'bold', false, false),"
"('Tell us about a time you felt judged for your deepest desires.', 'truth', 'bffs', 'deeper_dive', 'bold', false, false),"
"('Dish on the wildest matchmaking pitch you’ve heard.', 'truth', 'bffs', 'deeper_dive', 'bold', true, false),"
"('What''s a societal issue you’d risk it all to fix?', 'truth', 'bffs', 'deeper_dive', 'bold', false, false),"
"('Share a secret you’ve kept out of fear of judgment.', 'truth', 'bffs', 'deeper_dive', 'bold', false, false),"
"('Tell us about a harsh truth you faced about yourself.', 'truth', 'bffs', 'deeper_dive', 'bold', false, false),"
"('What''s a backward norm that’s hurt you personally?', 'truth', 'bffs', 'deeper_dive', 'bold', false, false),"
"('Describe a moment your culture let you down.', 'truth', 'bffs', 'deeper_dive', 'bold', false, false),"
"('What''s a truth you’ve hidden from your best friend?', 'truth', 'bffs', 'deeper_dive', 'bold', false, false),"
"('Tell us about a time you defied a religious rule and felt free.', 'truth', 'bffs', 'deeper_dive', 'bold', false, false),"
"('Share a community scandal you’ve stayed quiet about.', 'truth', 'bffs', 'deeper_dive', 'bold', false, false),"
"('What''s a time you felt you lost your moral compass?', 'truth', 'bffs', 'deeper_dive', 'bold', false, false),"
"('Spill the chai: what''s a secret you’ve kept to protect your family?', 'truth', 'bffs', 'deeper_dive', 'bold', true, false),"
"('Describe a moment you laughed to mask your fear.', 'truth', 'bffs', 'deeper_dive', 'bold', false, false),"
"('Tell us about a corrupt system you’ve had to navigate.', 'truth', 'bffs', 'deeper_dive', 'bold', false, false),"
"('What''s a family taboo you broke without regret?', 'truth', 'bffs', 'deeper_dive', 'bold', false, false),"
"('Share a truth about your identity you’ve wrestled with.', 'truth', 'bffs', 'deeper_dive', 'bold', false, false),"
"('What''s a time you felt judged for how you look?', 'truth', 'bffs', 'deeper_dive', 'bold', false, false),"
"('Share a regional injustice that still burns you up.', 'truth', 'bffs', 'deeper_dive', 'bold', true, false),"
"('What''s a moment you felt you betrayed your values?', 'truth', 'bffs', 'deeper_dive', 'bold', false, false),"
"('Tell us about a secret you’ve kept under cultural pressure.', 'truth', 'bffs', 'deeper_dive', 'bold', false, false),"
"('Describe a time you defied a cultural norm and paid a price.', 'truth', 'bffs', 'deeper_dive', 'bold', false, false),"
"('What''s a truth you’ve hidden to dodge a fight?', 'truth', 'bffs', 'deeper_dive', 'bold', false, false),"
"('Share a moment you laughed to cover your anger.', 'truth', 'bffs', 'deeper_dive', 'bold', false, false),"
"('What''s a time you rejected a family matchmaking plan?', 'truth', 'bffs', 'deeper_dive', 'bold', true, false),"
"('Tell us about a moment you felt judged for your friends.', 'truth', 'bffs', 'deeper_dive', 'bold', false, false),"
"('Describe a time you broke a social rule and felt alive.', 'truth', 'bffs', 'deeper_dive', 'bold', false, false),"
"('What''s a secret you’ve kept to avoid a community clash?', 'truth', 'bffs', 'deeper_dive', 'bold', false, false),"
"('Share a moment you felt you lost your way.', 'truth', 'bffs', 'deeper_dive', 'bold', false, false),"
"('Tell us about a time you felt judged for your career path.', 'truth', 'bffs', 'deeper_dive', 'bold', false, false),"
"('What''s a time you stood up to a family elder?', 'truth', 'bffs', 'deeper_dive', 'bold', false, false),"
"('Spill the chai: what''s a dream you’ve hidden to keep the peace?', 'truth', 'bffs', 'deeper_dive', 'bold', true, false),"
"('Describe a moment you challenged a community norm.', 'truth', 'bffs', 'deeper_dive', 'bold', false, false),"
"('What''s a time you felt forced to fit in?', 'truth', 'bffs', 'deeper_dive', 'bold', false, false),"
"('Share a bold choice that shocked everyone around you.', 'truth', 'bffs', 'deeper_dive', 'bold', false, false),"
"('Tell us about a moment you found your true strength.', 'truth', 'bffs', 'deeper_dive', 'bold', false, false),"
"('What''s a time you laughed to hide your frustration?', 'truth', 'bffs', 'deeper_dive', 'bold', false, false),"
"('Describe a moment you felt you let your family down.', 'truth', 'bffs', 'deeper_dive', 'bold', false, false),"
"('What''s a cultural expectation you’ve openly defied?', 'truth', 'bffs', 'deeper_dive', 'bold', false, false),"
"('Tell us about a time you felt judged for your ambitions.', 'truth', 'bffs', 'deeper_dive', 'bold', false, false),"
"('Share a moment you broke a family rule and felt empowered.', 'truth', 'bffs', 'deeper_dive', 'bold', false, false),"
"('What''s a secret you’ve kept to shield someone close?', 'truth', 'bffs', 'deeper_dive', 'bold', false, false),"
"('What''s a time you hid your true feelings to fit in?', 'truth', 'bffs', 'deeper_dive', 'bold', false, false);"
    

Important Considerations and Potential Refinements:

"1. type (truth/dare/would_you_rather): I've defaulted most to 'truth'. You might want to manually review and change some to 'dare' if applicable. For example, ""Show us your best dance move!"" from the example would be a 'dare'. Your CSV doesn't have a clear way to distinguish these automatically."

2. is_indian_specific: The keyword matching is a heuristic. It might miss some or incorrectly flag others. A manual review would be best for 100% accuracy.



"Keywords used for true: ""region"", ""regional"", ""hometown"", ""bollywood"", ""dhaba"", ""monsoon"", ""chai"", ""upsc"", ""india"", ""festival"", ""mother tongue"", ""hindi"", ""caste"", ""matchmaking""."

"3. is_solo: This is closely tied to the type. If you change a type to 'dare', you'll need to consider if the dare is a solo activity or something done with/to the group."

4. Character Escaping: I've escaped single quotes (') by doubling them ('') as is standard in SQL strings.

"5. Batching Inserts: For 450 rows, a single INSERT statement with multiple VALUES clauses is generally fine for most modern databases (like PostgreSQL, MySQL). If you were inserting tens of thousands of rows, you'd break it into smaller batches."

This generated SQL should give you a very solid starting point for populating your prompts table. You can copy and paste this directly into your SQL client.
